Algorithm,Accuracy
DecisionTree,97.04136439068182
Regression,98.57071611128185
