Algorithm,MAE
Lasso,77.96818436688837
Regression,74.03689306613447
