Algorithm,MSE
Lasso,20845.53171566506
Regression,17695.589192625248
