Algorithm,R-SQUARED
Lasso,0.998534044594118
Regression,0.9987555633029163
