Algorithm,RMSE
Lasso,144.37981754963212
Regression,133.0247690944256
